rosbagTimestamp,header,seq,stamp,secs,nsecs,frame_id,data
1484918273654658701,,718,,1484918273,654050951,'',0
1484918273757162159,,719,,1484918273,754050951,'',0
1484918273855375879,,720,,1484918273,854050951,'',0
1484918273957782389,,721,,1484918273,954050951,'',0
1484918274056146517,,722,,1484918274,54050951,'',0
1484918274154393921,,723,,1484918274,154050951,'',0
1484918274256772963,,724,,1484918274,254050951,'',0
1484918274355070947,,725,,1484918274,352766040,'',0
1484918274457449784,,726,,1484918274,452766040,'',0
1484918274556257469,,727,,1484918274,552766040,'',0
1484918274654130257,,728,,1484918274,652766040,'',0
1484918274756493926,,729,,1484918274,752766040,'',0
1484918274858836656,,730,,1484918274,852766040,'',0
1484918274957408024,,731,,1484918274,952766040,'',0
1484918275055459960,,732,,1484918275,52766040,'',0
1484918275157997738,,733,,1484918275,152766040,'',0
1484918275256159186,,734,,1484918275,252766040,'',0
1484918275358582208,,735,,1484918275,352766040,'',0
1484918275456845872,,736,,1484918275,452766040,'',0
1484918275555287268,,737,,1484918275,552766040,'',0
1484918275657727726,,738,,1484918275,652766040,'',0
1484918275756235338,,739,,1484918275,752766040,'',0
1484918275858289768,,740,,1484918275,852766040,'',0
1484918275956543628,,741,,1484918275,952766040,'',0
1484918276054868240,,742,,1484918276,52766040,'',0
1484918276157313858,,743,,1484918276,152766040,'',0
1484918276255559546,,744,,1484918276,252766040,'',0
1484918276357929755,,745,,1484918276,352766040,'',0
1484918276456589108,,746,,1484918276,452766040,'',0
1484918276558670705,,747,,1484918276,552766040,'',0
1484918276657203506,,748,,1484918276,652766040,'',0
1484918276759452503,,749,,1484918276,752766040,'',0
1484918276857638335,,750,,1484918276,854156902,'',0
1484918276955917035,,751,,1484918276,954156902,'',0
1484918277058405937,,752,,1484918277,54156902,'',0
1484918277156606253,,753,,1484918277,154156902,'',0
1484918277259173047,,754,,1484918277,254156902,'',0
1484918277357318295,,755,,1484918277,354156902,'',0
1484918277459623249,,756,,1484918277,454156902,'',0
1484918277558005077,,757,,1484918277,554156902,'',0
1484918277656366229,,758,,1484918277,654156902,'',0
1484918277758740495,,759,,1484918277,754156902,'',0
1484918277856976583,,760,,1484918277,854156902,'',0
1484918277959395752,,761,,1484918277,954156902,'',0
1484918278057689369,,762,,1484918278,54156902,'',0
1484918278155998501,,763,,1484918278,154156902,'',0
1484918278258381706,,764,,1484918278,254156902,'',0
1484918278356641879,,765,,1484918278,354156902,'',0
1484918278459144688,,766,,1484918278,454156902,'',0
1484918278557317092,,767,,1484918278,554156902,'',0
1484918278659690926,,768,,1484918278,654156902,'',0
1484918278758082138,,769,,1484918278,754156902,'',0
1484918278861055864,,770,,1484918278,854156902,'',0
1484918278958694172,,771,,1484918278,954156902,'',0
1484918279057037444,,772,,1484918279,54156902,'',0
1484918279159726098,,773,,1484918279,154156902,'',0
1484918279257738806,,774,,1484918279,254156902,'',0
1484918279360111224,,775,,1484918279,354012037,'',0
1484918279458432308,,776,,1484918279,454012037,'',0
1484918279556764240,,777,,1484918279,554012037,'',0
1484918279659145802,,778,,1484918279,654012037,'',0
1484918279757766790,,779,,1484918279,754012037,'',0
1484918279860229184,,780,,1484918279,854012037,'',0
1484918279958341576,,781,,1484918279,954012037,'',0
1484918280061213253,,782,,1484918280,54012037,'',0
1484918280158804761,,783,,1484918280,154012037,'',0
1484918280257168530,,784,,1484918280,254012037,'',0
1484918280359562739,,785,,1484918280,354012037,'',0
1484918280457807443,,786,,1484918280,454012037,'',0
1484918280560296333,,787,,1484918280,554012037,'',3
1484918280658539405,,788,,1484918280,654012037,'',10
1484918280760891747,,789,,1484918280,754012037,'',16
1484918280859201815,,790,,1484918280,854012037,'',23
1484918280961582765,,791,,1484918280,954012037,'',34
1484918281059951645,,792,,1484918281,54012037,'',40
1484918281158175037,,793,,1484918281,154012037,'',48
1484918281260546447,,794,,1484918281,254012037,'',61
1484918281358835167,,795,,1484918281,354012037,'',72
1484918281461490209,,796,,1484918281,454012037,'',82
1484918281559748953,,797,,1484918281,554012037,'',94
1484918281657871797,,798,,1484918281,654012037,'',104
1484918281760282026,,799,,1484918281,754012037,'',115
1484918281858577443,,800,,1484918281,856384063,'',126
1484918281960945912,,801,,1484918281,956384063,'',136
1484918282059232448,,802,,1484918282,56384063,'',149
1484918282157601641,,803,,1484918282,156384063,'',162
1484918282259924534,,804,,1484918282,256384063,'',175
1484918282362336840,,805,,1484918282,356384063,'',187
1484918282460634548,,806,,1484918282,456384063,'',201
1484918282558920220,,807,,1484918282,556384063,'',212
1484918282661337518,,808,,1484918282,656384063,'',223
1484918282759613398,,809,,1484918282,756384063,'',236
1484918282862011556,,810,,1484918282,856384063,'',247
1484918282960387936,,811,,1484918282,956384063,'',261
1484918283058624336,,812,,1484918283,56384063,'',272
1484918283161007350,,813,,1484918283,156384063,'',284
1484918283259619698,,814,,1484918283,256384063,'',297
1484918283361757899,,815,,1484918283,356384063,'',310
1484918283460212628,,816,,1484918283,456384063,'',323
1484918283562344049,,817,,1484918283,556384063,'',333
1484918283660753957,,818,,1484918283,656384063,'',346
1484918283758987382,,819,,1484918283,756384063,'',358
1484918283861491331,,820,,1484918283,856384063,'',368
1484918283960097644,,821,,1484918283,956384063,'',383
1484918284062033345,,822,,1484918284,56384063,'',396
1484918284160576081,,823,,1484918284,156384063,'',409
1484918284262778951,,824,,1484918284,256384063,'',421
1484918284361102915,,825,,1484918284,358170938,'',433
1484918284463432325,,826,,1484918284,458170938,'',446
1484918284561786493,,827,,1484918284,558170938,'',457
1484918284660039681,,828,,1484918284,658170938,'',470
1484918284762510751,,829,,1484918284,758170938,'',482
1484918284860764527,,830,,1484918284,858170938,'',493
1484918284963197856,,831,,1484918284,958170938,'',502
1484918285061523225,,832,,1484918285,58170938,'',514
1484918285159736909,,833,,1484918285,158170938,'',524
1484918285262155322,,834,,1484918285,258170938,'',538
1484918285360414499,,835,,1484918285,358170938,'',549
1484918285462838336,,836,,1484918285,458170938,'',562
1484918285561149880,,837,,1484918285,558170938,'',575
1484918285659487357,,838,,1484918285,658170938,'',585
1484918285761836806,,839,,1484918285,758170938,'',598
1484918285864195112,,840,,1484918285,858170938,'',609
1484918285962634780,,841,,1484918285,958170938,'',618
1484918286060821932,,842,,1484918286,58170938,'',622
1484918286163236638,,843,,1484918286,158170938,'',637
1484918286261511462,,844,,1484918286,258170938,'',650
1484918286364182128,,845,,1484918286,358170938,'',663
1484918286462108832,,846,,1484918286,458170938,'',675
1484918286560415816,,847,,1484918286,558170938,'',687
1484918286662861998,,848,,1484918286,658170938,'',699
1484918286761249094,,849,,1484918286,758170938,'',712
1484918286863461659,,850,,1484918286,859303115,'',724
1484918286962056776,,851,,1484918286,959303115,'',737
1484918287064222505,,852,,1484918287,59303115,'',748
1484918287162561169,,853,,1484918287,159303115,'',758
1484918287260914942,,854,,1484918287,259303115,'',778
1484918287363332791,,855,,1484918287,359303115,'',791
1484918287461543979,,856,,1484918287,459303115,'',805
1484918287563920621,,857,,1484918287,559303115,'',815
1484918287662267517,,858,,1484918287,659303115,'',828
1484918287764830555,,859,,1484918287,759303115,'',842
1484918287862866447,,860,,1484918287,859303115,'',854
1484918287965269201,,861,,1484918287,959303115,'',869
1484918288064113797,,862,,1484918288,59303115,'',880
1484918288162038305,,863,,1484918288,159303115,'',891
1484918288264473363,,864,,1484918288,259303115,'',903
1484918288362597695,,865,,1484918288,359303115,'',914
1484918288465325385,,866,,1484918288,459303115,'',929
1484918288563283817,,867,,1484918288,559303115,'',939
1484918288661599057,,868,,1484918288,659303115,'',953
1484918288764010930,,869,,1484918288,759303115,'',963
1484918288862269231,,870,,1484918288,859303115,'',975
1484918288964716072,,871,,1484918288,959303115,'',988
1484918289063086093,,872,,1484918289,59303115,'',1000
1484918289161459353,,873,,1484918289,159303115,'',1013
1484918289263724130,,874,,1484918289,259303115,'',1026
1484918289362044711,,875,,1484918289,360719964,'',1039
1484918289464410960,,876,,1484918289,460719964,'',1046
1484918289562714500,,877,,1484918289,560719964,'',1046
1484918289665090986,,878,,1484918289,660719964,'',1046
1484918289763462542,,879,,1484918289,760719964,'',1046
1484918289865808164,,880,,1484918289,860719964,'',1046
1484918289964137780,,881,,1484918289,960719964,'',1046
1484918290062362504,,882,,1484918290,60719964,'',1046
1484918290164779226,,883,,1484918290,160719964,'',1046
1484918290263075854,,884,,1484918290,260719964,'',1046
1484918290365485423,,885,,1484918290,360719964,'',1046
1484918290463780012,,886,,1484918290,460719964,'',1046
1484918290566186557,,887,,1484918290,560719964,'',1046
1484918290664459317,,888,,1484918290,660719964,'',1046
1484918290762774246,,889,,1484918290,760719964,'',1046
1484918290865191111,,890,,1484918290,860719964,'',1046
1484918290964011168,,891,,1484918290,960719964,'',1046
1484918291065786897,,892,,1484918291,60719964,'',1046
1484918291164106193,,893,,1484918291,160719964,'',1046
1484918291262451494,,894,,1484918291,260719964,'',1046
1484918291365457415,,895,,1484918291,360719964,'',1046
1484918291467278769,,896,,1484918291,460719964,'',1046
1484918291565591789,,897,,1484918291,560719964,'',1046
1484918291663677865,,898,,1484918291,660719964,'',1046
1484918291766200115,,899,,1484918291,760719964,'',1046
1484918291864503703,,900,,1484918291,862282011,'',1046
1484918291966884244,,901,,1484918291,962282011,'',1046
1484918292065265737,,902,,1484918292,62282011,'',1046
1484918292163457041,,903,,1484918292,162282011,'',1046
1484918292265912282,,904,,1484918292,262282011,'',1046
1484918292364162483,,905,,1484918292,362282011,'',1046
1484918292466884064,,906,,1484918292,462282011,'',1046
1484918292564843600,,907,,1484918292,562282011,'',1046
1484918292663197997,,908,,1484918292,662282011,'',1046
1484918292765560082,,909,,1484918292,762282011,'',1046
1484918292863854011,,910,,1484918292,862282011,'',1046
1484918292966307080,,911,,1484918292,962282011,'',1046
1484918293064554472,,912,,1484918293,62282011,'',1046
1484918293166940414,,913,,1484918293,162282011,'',1046
1484918293265235986,,914,,1484918293,262282011,'',1046
1484918293367586744,,915,,1484918293,362282011,'',1046
1484918293465921052,,916,,1484918293,462282011,'',1046
1484918293564272124,,917,,1484918293,562282011,'',1046
1484918293666570370,,918,,1484918293,662282011,'',1046
1484918293764975922,,919,,1484918293,762282011,'',1046
1484918293867314727,,920,,1484918293,862282011,'',1046
1484918293965610288,,921,,1484918293,962282011,'',1046
1484918294068020613,,922,,1484918294,62282011,'',1046
1484918294166316065,,923,,1484918294,162282011,'',1046
1484918294264638554,,924,,1484918294,262282011,'',1046
1484918294366987499,,925,,1484918294,363679071,'',1046
1484918294465365236,,926,,1484918294,463679071,'',1046
1484918294567701713,,927,,1484918294,563679071,'',1046
1484918294665965869,,928,,1484918294,663679071,'',1046
1484918294764367078,,929,,1484918294,763679071,'',1046
1484918294866687667,,930,,1484918294,863679071,'',1046
1484918294964965395,,931,,1484918294,963679071,'',1046
1484918295067599413,,932,,1484918295,63679071,'',1046
1484918295165760945,,933,,1484918295,163679071,'',1046
1484918295268022627,,934,,1484918295,263679071,'',1046
1484918295366354139,,935,,1484918295,363679071,'',1046
1484918295468763708,,936,,1484918295,463679071,'',1046
1484918295567002305,,937,,1484918295,563679071,'',1046
1484918295665388009,,938,,1484918295,663679071,'',1046
1484918295767752314,,939,,1484918295,763679071,'',1046
1484918295866036823,,940,,1484918295,863679071,'',1046
1484918295968433336,,941,,1484918295,963679071,'',1046
1484918296066762629,,942,,1484918296,63679071,'',1046
1484918296165070177,,943,,1484918296,163679071,'',1046
1484918296267457006,,944,,1484918296,263679071,'',1046
1484918296365750695,,945,,1484918296,363679071,'',1046
1484918296468115708,,946,,1484918296,463679071,'',1046
1484918296566455944,,947,,1484918296,563679071,'',1046
1484918296668830966,,948,,1484918296,663679071,'',1046
1484918296767156766,,949,,1484918296,763679071,'',1046
1484918296869672500,,950,,1484918296,865267105,'',1046
1484918296967903824,,951,,1484918296,965267105,'',1046
1484918297066023284,,952,,1484918297,65267105,'',1046
1484918297168451994,,953,,1484918297,165267105,'',1046
1484918297266832790,,954,,1484918297,265267105,'',1046
1484918297369257671,,955,,1484918297,365267105,'',1046
1484918297467491324,,956,,1484918297,465267105,'',1046
1484918297569899333,,957,,1484918297,565267105,'',1046
1484918297668246578,,958,,1484918297,665267105,'',1046
1484918297766544982,,959,,1484918297,765267105,'',1046
1484918297868926159,,960,,1484918297,865267105,'',1046
1484918297967197216,,961,,1484918297,965267105,'',1046
1484918298069536201,,962,,1484918298,65267105,'',1046
1484918298167854081,,963,,1484918298,165267105,'',1046
1484918298266429386,,964,,1484918298,265267105,'',1046
1484918298368591071,,965,,1484918298,365267105,'',1046
1484918298466887339,,966,,1484918298,465267105,'',1046
1484918298569358661,,967,,1484918298,565267105,'',1046
1484918298667573473,,968,,1484918298,665267105,'',1046
1484918298769961611,,969,,1484918298,765267105,'',1046
1484918298868302555,,970,,1484918298,865267105,'',1046
1484918298970589748,,971,,1484918298,965267105,'',1046
1484918299068898605,,972,,1484918299,64267105,'',1046
1484918299167316085,,973,,1484918299,164267105,'',1046
1484918299269634502,,974,,1484918299,264267105,'',1046
1484918299367941163,,975,,1484918299,365770023,'',1046
1484918299466229007,,976,,1484918299,465770023,'',1046
1484918299568631665,,977,,1484918299,565770023,'',1046
1484918299666925113,,978,,1484918299,665770023,'',1046
1484918299769361010,,979,,1484918299,765770023,'',1046
1484918299867571911,,980,,1484918299,865770023,'',1046
1484918299965923199,,981,,1484918299,965770023,'',1046
1484918300068325916,,982,,1484918300,65770023,'',1046
1484918300166667857,,983,,1484918300,165770023,'',1046
1484918300268992886,,984,,1484918300,265770023,'',1046
1484918300367331370,,985,,1484918300,365770023,'',1046
1484918300469716532,,986,,1484918300,465770023,'',1046
1484918300568093680,,987,,1484918300,565770023,'',1046
1484918300670545310,,988,,1484918300,665770023,'',1046
1484918300768752598,,989,,1484918300,765770023,'',1046
1484918300866999870,,990,,1484918300,865770023,'',1046
1484918300969394464,,991,,1484918300,965770023,'',1046
1484918301067666576,,992,,1484918301,65770023,'',1046
1484918301170057821,,993,,1484918301,165770023,'',1046
1484918301268353682,,994,,1484918301,265770023,'',1046
1484918301370779559,,995,,1484918301,366770023,'',1046
1484918301469068304,,996,,1484918301,465770023,'',1046
1484918301567399336,,997,,1484918301,565770023,'',1046
1484918301669769233,,998,,1484918301,665770023,'',1046
1484918301768057786,,999,,1484918301,765770023,'',1046
1484918301870428079,,1000,,1484918301,867224065,'',1046
1484918301968712491,,1001,,1484918301,967224065,'',1046
1484918302067054912,,1002,,1484918302,67224065,'',1046
1484918302169594153,,1003,,1484918302,167224065,'',1046
1484918302267723657,,1004,,1484918302,267224065,'',1046
1484918302370196299,,1005,,1484918302,367224065,'',1046
1484918302468364383,,1006,,1484918302,467224065,'',1046
1484918302570774517,,1007,,1484918302,567224065,'',1046
1484918302669114669,,1008,,1484918302,667224065,'',1046
1484918302771513570,,1009,,1484918302,767224065,'',1046
1484918302869864787,,1010,,1484918302,867224065,'',1046
1484918302968103287,,1011,,1484918302,967224065,'',1046
1484918303070508249,,1012,,1484918303,67224065,'',1046
1484918303168819781,,1013,,1484918303,167224065,'',1046
1484918303271208062,,1014,,1484918303,267224065,'',1046
1484918303369512143,,1015,,1484918303,367224065,'',1046
1484918303467828319,,1016,,1484918303,467224065,'',1046
1484918303570172776,,1017,,1484918303,567224065,'',1046
1484918303668483337,,1018,,1484918303,667224065,'',1046
1484918303770910138,,1019,,1484918303,767224065,'',1046
1484918303869211098,,1020,,1484918303,867224065,'',1046
1484918303971568756,,1021,,1484918303,967224065,'',1046
1484918304069884644,,1022,,1484918304,67224065,'',1046
1484918304172302266,,1023,,1484918304,167224065,'',1046
1484918304270484618,,1024,,1484918304,267224065,'',1046
1484918304368958954,,1025,,1484918304,368743911,'',1046
1484918304471500620,,1026,,1484918304,468743911,'',1046
1484918304569563956,,1027,,1484918304,569743911,'',1046
1484918304671997610,,1028,,1484918304,668743911,'',1046
1484918304770323818,,1029,,1484918304,768743911,'',1046
1484918304868581038,,1030,,1484918304,868743911,'',1046
1484918304970954572,,1031,,1484918304,968743911,'',1046
1484918305069330184,,1032,,1484918305,68743911,'',1046
1484918305171649369,,1033,,1484918305,168743911,'',1046
1484918305269940910,,1034,,1484918305,268743911,'',1046
1484918305372340279,,1035,,1484918305,368743911,'',1046
1484918305470555379,,1036,,1484918305,468743911,'',1046
1484918305569185896,,1037,,1484918305,568743911,'',1046
1484918305671286525,,1038,,1484918305,668743911,'',1046
1484918305769628393,,1039,,1484918305,768743911,'',1046
1484918305872250639,,1040,,1484918305,868743911,'',1046
1484918305970457459,,1041,,1484918305,968743911,'',1046
1484918306072709997,,1042,,1484918306,68743911,'',1046
1484918306171030721,,1043,,1484918306,168743911,'',1046
1484918306273374278,,1044,,1484918306,268743911,'',1046
1484918306371687371,,1045,,1484918306,368743911,'',1046
1484918306469991799,,1046,,1484918306,468743911,'',1046
1484918306572417005,,1047,,1484918306,568743911,'',1046
1484918306670710573,,1048,,1484918306,668743911,'',1046
1484918306773097402,,1049,,1484918306,768743911,'',1046
1484918306871377951,,1050,,1484918306,870219888,'',1046
1484918306969709523,,1051,,1484918306,970219888,'',1046
1484918307072100708,,1052,,1484918307,70219888,'',1046
1484918307170386561,,1053,,1484918307,170219888,'',1046
1484918307272779750,,1054,,1484918307,270219888,'',1046
1484918307371064942,,1055,,1484918307,370219888,'',1046
1484918307473488912,,1056,,1484918307,470219888,'',1046
1484918307571890900,,1057,,1484918307,570219888,'',1046
1484918307670114640,,1058,,1484918307,670219888,'',1046
1484918307772514910,,1059,,1484918307,771219888,'',1046
1484918307870775286,,1060,,1484918307,870219888,'',1046
1484918307973243428,,1061,,1484918307,970219888,'',1046
1484918308071464540,,1062,,1484918308,70219888,'',1046
1484918308173839466,,1063,,1484918308,170219888,'',1046
1484918308272159230,,1064,,1484918308,270219888,'',1046
1484918308370543938,,1065,,1484918308,370219888,'',1046
1484918308472858024,,1066,,1484918308,470219888,'',1046
1484918308571173024,,1067,,1484918308,570219888,'',1046
1484918308673575213,,1068,,1484918308,670219888,'',1046
1484918308772029918,,1069,,1484918308,770219888,'',1046
1484918308874223127,,1070,,1484918308,870219888,'',1046
1484918308972514175,,1071,,1484918308,970219888,'',1046
1484918309070845184,,1072,,1484918309,70219888,'',1046
1484918309173225389,,1073,,1484918309,170219888,'',1046
1484918309271529613,,1074,,1484918309,270219888,'',1046
1484918309373876891,,1075,,1484918309,370825088,'',1046
1484918309472222563,,1076,,1484918309,470825088,'',1046
1484918309574578037,,1077,,1484918309,570825088,'',1046
1484918309672890145,,1078,,1484918309,670825088,'',1046
1484918309775289299,,1079,,1484918309,770825088,'',1046
1484918309873607287,,1080,,1484918309,870825088,'',1046
1484918309971827535,,1081,,1484918309,970825088,'',1046
1484918310074315405,,1082,,1484918310,70825088,'',1046
1484918310172722757,,1083,,1484918310,170825088,'',1046
1484918310274930570,,1084,,1484918310,270825088,'',1046
1484918310373338787,,1085,,1484918310,370825088,'',1046
1484918310471618483,,1086,,1484918310,470825088,'',1046
1484918310573950460,,1087,,1484918310,570825088,'',1046
1484918310673040529,,1088,,1484918310,670825088,'',1046
1484918310774595926,,1089,,1484918310,770825088,'',1046
1484918310873020162,,1090,,1484918310,870825088,'',1046
1484918310975395088,,1091,,1484918310,971825088,'',1046
1484918311073678612,,1092,,1484918311,70825088,'',1046
1484918311171986328,,1093,,1484918311,170825088,'',1046
1484918311274294282,,1094,,1484918311,270825088,'',1046
1484918311372650010,,1095,,1484918311,370825088,'',1046
1484918311475066480,,1096,,1484918311,470825088,'',1041
1484918311573312744,,1097,,1484918311,570825088,'',1017
1484918311675734314,,1098,,1484918311,670825088,'',982
1484918311774043050,,1099,,1484918311,770825088,'',950
1484918311872328122,,1100,,1484918311,872241937,'',908
1484918311974729244,,1101,,1484918311,972241937,'',864
1484918312073036420,,1102,,1484918312,72241937,'',819
1484918312175418209,,1103,,1484918312,172241937,'',776
1484918312273733162,,1104,,1484918312,272241937,'',727
1484918312376126915,,1105,,1484918312,372241937,'',681
1484918312474394755,,1106,,1484918312,472241937,'',639
1484918312572741664,,1107,,1484918312,572241937,'',594
1484918312675110385,,1108,,1484918312,672241937,'',550
1484918312773460761,,1109,,1484918312,772241937,'',501
1484918312875866659,,1110,,1484918312,872241937,'',454
1484918312974153987,,1111,,1484918312,972241937,'',406
1484918313072736575,,1112,,1484918313,72241937,'',359
1484918313174757009,,1113,,1484918313,172241937,'',315
1484918313277282451,,1114,,1484918313,272241937,'',269
1484918313375518623,,1115,,1484918313,372241937,'',220
1484918313473786847,,1116,,1484918313,472241937,'',177
1484918313576138445,,1117,,1484918313,572241937,'',130
1484918313674458149,,1118,,1484918313,672241937,'',84
1484918313776883030,,1119,,1484918313,772241937,'',37
1484918313875156835,,1120,,1484918313,872241937,'',-12
1484918313973458059,,1121,,1484918313,972241937,'',-57
1484918314075816532,,1122,,1484918314,72241937,'',-104
1484918314174357121,,1123,,1484918314,173241937,'',-154
1484918314276561346,,1124,,1484918314,272241937,'',-198
1484918314374847918,,1125,,1484918314,373834024,'',-248
1484918314473180199,,1126,,1484918314,473834024,'',-295
1484918314575498952,,1127,,1484918314,573834024,'',-295
1484918314674236533,,1128,,1484918314,673834024,'',-295
1484918314776224326,,1129,,1484918314,773834024,'',-295
1484918314874524542,,1130,,1484918314,873834024,'',-295
1484918314976908264,,1131,,1484918314,973834024,'',-295
1484918315075226180,,1132,,1484918315,73834024,'',-295
1484918315177626894,,1133,,1484918315,173834024,'',-295
1484918315275916982,,1134,,1484918315,273834024,'',-295
1484918315374208450,,1135,,1484918315,373834024,'',-295
1484918315476628544,,1136,,1484918315,473834024,'',-295
1484918315574996248,,1137,,1484918315,573834024,'',-295
1484918315677324133,,1138,,1484918315,673834024,'',-295
1484918315775630782,,1139,,1484918315,773834024,'',-295
1484918315877989687,,1140,,1484918315,873834024,'',-295
1484918315976311023,,1141,,1484918315,973834024,'',-295
1484918316074728228,,1142,,1484918316,73834024,'',-295
1484918316176993413,,1143,,1484918316,173834024,'',-295
1484918316275305917,,1144,,1484918316,273834024,'',-295
1484918316377674555,,1145,,1484918316,373834024,'',-295
1484918316475923915,,1146,,1484918316,473834024,'',-295
1484918316574364723,,1147,,1484918316,573834024,'',-295
1484918316676651197,,1148,,1484918316,673834024,'',-295
1484918316774985373,,1149,,1484918316,773834024,'',-295
1484918316877392615,,1150,,1484918316,874336942,'',-295
1484918316975688451,,1151,,1484918316,974336942,'',-295
1484918317078074009,,1152,,1484918317,74336942,'',-295
1484918317176563849,,1153,,1484918317,174336942,'',-295
1484918317278872918,,1154,,1484918317,274336942,'',-295
1484918317377045659,,1155,,1484918317,375336942,'',-295
1484918317475352103,,1156,,1484918317,474336942,'',-295
1484918317577763448,,1157,,1484918317,574336942,'',-295
1484918317676053153,,1158,,1484918317,674336942,'',-295
1484918317778403874,,1159,,1484918317,774336942,'',-295
1484918317876695186,,1160,,1484918317,874336942,'',-295
1484918317975062783,,1161,,1484918317,974336942,'',-295
1484918318077360380,,1162,,1484918318,74336942,'',-295
1484918318175714428,,1163,,1484918318,174336942,'',-295
1484918318278132686,,1164,,1484918318,274336942,'',-295
1484918318376379394,,1165,,1484918318,374336942,'',-295
1484918318478822516,,1166,,1484918318,474336942,'',-295
1484918318577436604,,1167,,1484918318,574336942,'',-295
1484918318675440528,,1168,,1484918318,674336942,'',-295
1484918318777784530,,1169,,1484918318,774336942,'',-295
1484918318876486710,,1170,,1484918318,874336942,'',-295
1484918318978619164,,1171,,1484918318,974336942,'',-295
1484918319076804936,,1172,,1484918319,74336942,'',-295
1484918319179209285,,1173,,1484918319,174336942,'',-295
1484918319277483354,,1174,,1484918319,274336942,'',-295
1484918319379863007,,1175,,1484918319,376831993,'',-295
1484918319478183251,,1176,,1484918319,476831993,'',-295
1484918319576482436,,1177,,1484918319,576831993,'',-295
1484918319678878397,,1178,,1484918319,676831993,'',-295
1484918319779711646,,1179,,1484918319,776831993,'',-295
1484918319879597243,,1180,,1484918319,876831993,'',-295
1484918319979082604,,1181,,1484918319,976831993,'',-295
1484918320076081407,,1182,,1484918320,76831993,'',-295
1484918320178511689,,1183,,1484918320,176831993,'',-295
1484918320276901233,,1184,,1484918320,276831993,'',-295
1484918320379336195,,1185,,1484918320,376831993,'',-295
1484918320477635571,,1186,,1484918320,476831993,'',-295
1484918320579960157,,1187,,1484918320,577831993,'',-295
1484918320678265581,,1188,,1484918320,676831993,'',-295
1484918320780685062,,1189,,1484918320,776831993,'',-295
1484918320878943807,,1190,,1484918320,876831993,'',-295
1484918320977173367,,1191,,1484918320,976831993,'',-295
1484918321079628044,,1192,,1484918321,76831993,'',-295
1484918321177920629,,1193,,1484918321,176831993,'',-295
1484918321280280914,,1194,,1484918321,276831993,'',-295
1484918321378605550,,1195,,1484918321,376831993,'',-295
1484918321476964327,,1196,,1484918321,476831993,'',-295
1484918321579294168,,1197,,1484918321,576831993,'',-295
1484918321677584376,,1198,,1484918321,676831993,'',-295
1484918321779937438,,1199,,1484918321,776831993,'',-295
1484918321878290598,,1200,,1484918321,874505908,'',-295
1484918321980797848,,1201,,1484918321,974505908,'',-295
1484918322079170976,,1202,,1484918322,74505908,'',-295
1484918322177398436,,1203,,1484918322,174505908,'',-295
1484918322279676042,,1204,,1484918322,274505908,'',-295
1484918322377998842,,1205,,1484918322,374505908,'',-295
1484918322480382312,,1206,,1484918322,474505908,'',-295
1484918322578699568,,1207,,1484918322,574505908,'',-295
1484918322681087741,,1208,,1484918322,674505908,'',-295
1484918322779373762,,1209,,1484918322,774505908,'',-295
1484918322881742315,,1210,,1484918322,874505908,'',-295
1484918322980044583,,1211,,1484918322,974505908,'',-295
1484918323078384760,,1212,,1484918323,74505908,'',-295
1484918323180773917,,1213,,1484918323,174505908,'',-295
1484918323279046773,,1214,,1484918323,274505908,'',-295
1484918323381427543,,1215,,1484918323,374505908,'',-295
1484918323479773467,,1216,,1484918323,474505908,'',-295
1484918323578090399,,1217,,1484918323,574505908,'',-295
1484918323680813661,,1218,,1484918323,674505908,'',-295
1484918323778792997,,1219,,1484918323,775505908,'',-295
1484918323881170551,,1220,,1484918323,874505908,'',-295
1484918323979847243,,1221,,1484918323,974505908,'',-295
1484918324077781723,,1222,,1484918324,74505908,'',-295
1484918324180093769,,1223,,1484918324,174505908,'',-295
1484918324282664606,,1224,,1484918324,274505908,'',-295
1484918324380895919,,1225,,1484918324,377089101,'',-295
1484918324479139447,,1226,,1484918324,477089101,'',-295
1484918324581514048,,1227,,1484918324,577089101,'',-295
1484918324679827669,,1228,,1484918324,677089101,'',-295
1484918324782214606,,1229,,1484918324,777089101,'',-295
1484918324880506758,,1230,,1484918324,877089101,'',-295
1484918324978767915,,1231,,1484918324,977089101,'',-295
1484918325081187216,,1232,,1484918325,77089101,'',-295
1484918325179487972,,1233,,1484918325,177089101,'',-295
1484918325281856646,,1234,,1484918325,277089101,'',-295
1484918325380217522,,1235,,1484918325,377089101,'',-295
1484918325482658400,,1236,,1484918325,477089101,'',-295
1484918325580858440,,1237,,1484918325,577089101,'',-295
1484918325679213232,,1238,,1484918325,677089101,'',-295
1484918325781581642,,1239,,1484918325,777089101,'',-295
1484918325879864842,,1240,,1484918325,877089101,'',-295
1484918325982311324,,1241,,1484918325,977089101,'',-295
1484918326080552212,,1242,,1484918326,77089101,'',-295
1484918326182945125,,1243,,1484918326,177089101,'',-295
1484918326281328142,,1244,,1484918326,277089101,'',-295
1484918326383666347,,1245,,1484918326,377089101,'',-295
1484918326482222115,,1246,,1484918326,477089101,'',-295
1484918326580329252,,1247,,1484918326,577089101,'',-295
1484918326682611501,,1248,,1484918326,677089101,'',-295
1484918326780960989,,1249,,1484918326,777089101,'',-295
1484918326883301859,,1250,,1484918326,877870088,'',-295
1484918326981609719,,1251,,1484918326,978870088,'',-295
1484918327079941567,,1252,,1484918327,77870088,'',-295
1484918327182314009,,1253,,1484918327,177870088,'',-295
1484918327280573809,,1254,,1484918327,277870088,'',-295
1484918327383024683,,1255,,1484918327,377870088,'',-295
1484918327481499151,,1256,,1484918327,477870088,'',-295
1484918327579585347,,1257,,1484918327,577870088,'',-295
1484918327681952173,,1258,,1484918327,677870088,'',-295
1484918327780505925,,1259,,1484918327,777870088,'',-295
1484918327882962151,,1260,,1484918327,877870088,'',-295
1484918327981010535,,1261,,1484918327,977870088,'',-295
1484918328083399824,,1262,,1484918328,77870088,'',-295
1484918328181653745,,1263,,1484918328,177870088,'',-295
1484918328284064286,,1264,,1484918328,277870088,'',-295
1484918328382393986,,1265,,1484918328,377870088,'',-295
1484918328480701187,,1266,,1484918328,477870088,'',-295
1484918328583183668,,1267,,1484918328,577870088,'',-295
1484918328681397268,,1268,,1484918328,677870088,'',-295
1484918328783770694,,1269,,1484918328,777870088,'',-295
1484918328882165002,,1270,,1484918328,877870088,'',-295
1484918328984526260,,1271,,1484918328,977870088,'',-295
1484918329082753636,,1272,,1484918329,77870088,'',-295
1484918329181054128,,1273,,1484918329,177870088,'',-295
1484918329283446358,,1274,,1484918329,277870088,'',-295
1484918329381786546,,1275,,1484918329,379174880,'',-295
1484918329484696768,,1276,,1484918329,479174880,'',-295
1484918329582451392,,1277,,1484918329,579174880,'',-295
1484918329684861441,,1278,,1484918329,679174880,'',-295
1484918329783089190,,1279,,1484918329,779174880,'',-295
1484918329885516459,,1280,,1484918329,879174880,'',-295
1484918329983767067,,1281,,1484918329,979174880,'',-295
1484918330082070116,,1282,,1484918330,79174880,'',-295
1484918330184485241,,1283,,1484918330,180174880,'',-295
1484918330282770601,,1284,,1484918330,280174880,'',-295
1484918330385113331,,1285,,1484918330,380174880,'',-295
1484918330484969984,,1286,,1484918330,480174880,'',-295
1484918330586078441,,1287,,1484918330,580174880,'',-295
1484918330684229533,,1288,,1484918330,680174880,'',-295
1484918330782518505,,1289,,1484918330,780174880,'',-295
1484918330884890023,,1290,,1484918330,880174880,'',-295
1484918330983220923,,1291,,1484918330,980174880,'',-295
1484918331085570625,,1292,,1484918331,80174880,'',-295
1484918331183881713,,1293,,1484918331,180174880,'',-295
1484918331286686778,,1294,,1484918331,280174880,'',-295
1484918331384680455,,1295,,1484918331,380174880,'',-295
1484918331484360899,,1296,,1484918331,480174880,'',-295
1484918331585326952,,1297,,1484918331,580174880,'',-295
1484918331683590425,,1298,,1484918331,680174880,'',-295
1484918331785962266,,1299,,1484918331,780174880,'',-295
1484918331884317814,,1300,,1484918331,881986074,'',-295
1484918331986617656,,1301,,1484918331,981986074,'',-295
1484918332084954676,,1302,,1484918332,81986074,'',-295
1484918332187309706,,1303,,1484918332,181986074,'',-295
1484918332285662218,,1304,,1484918332,281986074,'',-295
1484918332383975874,,1305,,1484918332,381986074,'',-295
1484918332486347752,,1306,,1484918332,481986074,'',-272
1484918332584630856,,1307,,1484918332,581986074,'',-198
1484918332687063934,,1308,,1484918332,681986074,'',-110
1484918332785357394,,1309,,1484918332,781986074,'',-28
1484918332883690862,,1310,,1484918332,881986074,'',63
1484918332986034420,,1311,,1484918332,981986074,'',156
1484918333088412741,,1312,,1484918333,81986074,'',241
1484918333186752533,,1313,,1484918333,181986074,'',334
1484918333285025990,,1314,,1484918333,281986074,'',422
1484918333387393895,,1315,,1484918333,381986074,'',506
1484918333485759415,,1316,,1484918333,481986074,'',602
1484918333588083917,,1317,,1484918333,581986074,'',690
1484918333686415993,,1318,,1484918333,681986074,'',780
1484918333784719185,,1319,,1484918333,781986074,'',871
1484918333887088051,,1320,,1484918333,881986074,'',953
1484918333985369211,,1321,,1484918333,981986074,'',1048
1484918334087733745,,1322,,1484918334,81986074,'',1136
1484918334186141517,,1323,,1484918334,181986074,'',1228
1484918334284329101,,1324,,1484918334,281986074,'',1322
1484918334386779975,,1325,,1484918334,383011917,'',1409
1484918334485191047,,1326,,1484918334,483011917,'',1505
1484918334587502565,,1327,,1484918334,583011917,'',1595
1484918334685840473,,1328,,1484918334,683011917,'',1686
1484918334788182314,,1329,,1484918334,783011917,'',1783
1484918334886483587,,1330,,1484918334,883011917,'',1871
1484918334984827555,,1331,,1484918334,983011917,'',1964
1484918335087047572,,1332,,1484918335,83011917,'',2057
1484918335185459701,,1333,,1484918335,183011917,'',2145
1484918335287856130,,1334,,1484918335,283011917,'',2240
1484918335386212674,,1335,,1484918335,383011917,'',2327
1484918335488527564,,1336,,1484918335,483011917,'',2420
1484918335586804452,,1337,,1484918335,583011917,'',2512
1484918335689256466,,1338,,1484918335,683011917,'',2599
1484918335787690134,,1339,,1484918335,783011917,'',2688
1484918335885910958,,1340,,1484918335,883011917,'',2778
1484918335988252380,,1341,,1484918335,983011917,'',2866
1484918336086559688,,1342,,1484918336,83011917,'',2960
1484918336188928806,,1343,,1484918336,183011917,'',3043
1484918336287261062,,1344,,1484918336,283011917,'',3133
1484918336385590834,,1345,,1484918336,383011917,'',3226
1484918336487969624,,1346,,1484918336,483011917,'',3314
1484918336586199316,,1347,,1484918336,583011917,'',3410
1484918336688648053,,1348,,1484918336,683011917,'',3501
1484918336787198542,,1349,,1484918336,783011917,'',3589
1484918336885204626,,1350,,1484918336,885534074,'',3679
1484918336987654515,,1351,,1484918336,985534074,'',3766
1484918337090300221,,1352,,1484918337,85534074,'',3861
1484918337188278189,,1353,,1484918337,185534074,'',3947
1484918337286536729,,1354,,1484918337,285534074,'',4031
1484918337388878919,,1355,,1484918337,385534074,'',4118
1484918337487681755,,1356,,1484918337,485534074,'',4124
1484918337589674229,,1357,,1484918337,585534074,'',4124
1484918337688002369,,1358,,1484918337,685534074,'',4124
1484918337786340385,,1359,,1484918337,785534074,'',4124
1484918337888662775,,1360,,1484918337,885534074,'',4124
1484918337987059363,,1361,,1484918337,985534074,'',4124
1484918338089411033,,1362,,1484918338,85534074,'',4124
1484918338187636237,,1363,,1484918338,185534074,'',4124
1484918338290246890,,1364,,1484918338,285534074,'',4124
1484918338388354651,,1365,,1484918338,385534074,'',4124
1484918338486735195,,1366,,1484918338,485534074,'',4124
1484918338589061040,,1367,,1484918338,585534074,'',4124
1484918338687349941,,1368,,1484918338,685534074,'',4124
1484918338789770442,,1369,,1484918338,785534074,'',4124
1484918338888030638,,1370,,1484918338,885534074,'',4124
1484918338990376368,,1371,,1484918338,985534074,'',4124
1484918339088755268,,1372,,1484918339,85534074,'',4124
1484918339191216582,,1373,,1484918339,185534074,'',4124
1484918339289436578,,1374,,1484918339,285534074,'',4124
1484918339387629478,,1375,,1484918339,386024906,'',4124
1484918339490162876,,1376,,1484918339,486024906,'',4124
1484918339588424044,,1377,,1484918339,586024906,'',4124
1484918339690808654,,1378,,1484918339,686024906,'',4124
1484918339789103398,,1379,,1484918339,786024906,'',4124
1484918339887541506,,1380,,1484918339,886024906,'',4124
1484918339989824872,,1381,,1484918339,986024906,'',4124
1484918340088106332,,1382,,1484918340,86024906,'',4124
1484918340190492453,,1383,,1484918340,186024906,'',4124
1484918340288697618,,1384,,1484918340,286024906,'',4124
1484918340387161322,,1385,,1484918340,386024906,'',4124
1484918340489539031,,1386,,1484918340,486024906,'',4124
1484918340587879592,,1387,,1484918340,586024906,'',4124
1484918340690419565,,1388,,1484918340,686024906,'',4124
1484918340788465621,,1389,,1484918340,786024906,'',4124
1484918340890899203,,1390,,1484918340,886024906,'',4124
1484918340989177555,,1391,,1484918340,986024906,'',4124
1484918341091548989,,1392,,1484918341,86024906,'',4124
1484918341189870013,,1393,,1484918341,186024906,'',4124
1484918341288189249,,1394,,1484918341,286024906,'',4124
1484918341390629275,,1395,,1484918341,386024906,'',4124
1484918341488775183,,1396,,1484918341,486024906,'',4124
1484918341591304093,,1397,,1484918341,586024906,'',4124
1484918341689553729,,1398,,1484918341,686024906,'',4124
1484918341791849274,,1399,,1484918341,786024906,'',4124
1484918341890234823,,1400,,1484918341,887453914,'',4124
1484918341988539827,,1401,,1484918341,987453914,'',4124
1484918342090925708,,1402,,1484918342,87453914,'',4124
1484918342189270205,,1403,,1484918342,187453914,'',4124
1484918342291611638,,1404,,1484918342,287453914,'',4124
1484918342389931126,,1405,,1484918342,387453914,'',4124
1484918342492328516,,1406,,1484918342,487453914,'',4124
1484918342590586216,,1407,,1484918342,587453914,'',4124
1484918342693007618,,1408,,1484918342,687453914,'',4124
1484918342791352486,,1409,,1484918342,787453914,'',4124
1484918342889651526,,1410,,1484918342,887453914,'',4124
1484918342992014800,,1411,,1484918342,987453914,'',4124
1484918343090283852,,1412,,1484918343,87453914,'',4124
1484918343192687518,,1413,,1484918343,187453914,'',4124
1484918343291007870,,1414,,1484918343,287453914,'',4124
1484918343389342034,,1415,,1484918343,387453914,'',4124
1484918343491700232,,1416,,1484918343,487453914,'',4124
1484918343589936080,,1417,,1484918343,587453914,'',4124
1484918343692361465,,1418,,1484918343,687453914,'',4124
1484918343790633302,,1419,,1484918343,787453914,'',4124
1484918343889162442,,1420,,1484918343,887453914,'',4124
1484918343991418087,,1421,,1484918343,987453914,'',4124
1484918344089727628,,1422,,1484918344,87453914,'',4124
1484918344192114277,,1423,,1484918344,187453914,'',4124
1484918344290342673,,1424,,1484918344,287453914,'',4124
1484918344392753827,,1425,,1484918344,388967084,'',4124
1484918344491355819,,1426,,1484918344,488967084,'',4124
1484918344593492461,,1427,,1484918344,588967084,'',4124
1484918344691745061,,1428,,1484918344,688967084,'',4124
1484918344790053929,,1429,,1484918344,788967084,'',4124
1484918344892580307,,1430,,1484918344,888967084,'',4124
1484918344990764915,,1431,,1484918344,988967084,'',4124
1484918345093092513,,1432,,1484918345,88967084,'',4124
1484918345191349961,,1433,,1484918345,188967084,'',4124
1484918345293879530,,1434,,1484918345,288967084,'',4124
1484918345392128627,,1435,,1484918345,388967084,'',4124
1484918345490466955,,1436,,1484918345,488967084,'',4124
1484918345592832004,,1437,,1484918345,588967084,'',4124
1484918345691107513,,1438,,1484918345,688967084,'',4124
1484918345793512498,,1439,,1484918345,788967084,'',4124
1484918345891791102,,1440,,1484918345,888967084,'',4124
1484918345990112499,,1441,,1484918345,988967084,'',4124
1484918346092522368,,1442,,1484918346,88967084,'',4124
1484918346190768800,,1443,,1484918346,188967084,'',4124
1484918346293186230,,1444,,1484918346,288967084,'',4124
1484918346391519806,,1445,,1484918346,388967084,'',4124
1484918346493859464,,1446,,1484918346,488967084,'',4124
1484918346592208400,,1447,,1484918346,588967084,'',4124
1484918346694549186,,1448,,1484918346,689967084,'',4124
1484918346792866622,,1449,,1484918346,789967084,'',4124
1484918346895568643,,1450,,1484918346,891470956,'',4124
1484918346993577056,,1451,,1484918346,991470956,'',4124
1484918347091890448,,1452,,1484918347,91470956,'',4124
1484918347194285725,,1453,,1484918347,191470956,'',4124
1484918347292577314,,1454,,1484918347,291470956,'',4124
1484918347394945159,,1455,,1484918347,391470956,'',4124
1484918347493348947,,1456,,1484918347,491470956,'',4124
1484918347595697437,,1457,,1484918347,591470956,'',4124
1484918347693944625,,1458,,1484918347,691470956,'',4124
1484918347792429869,,1459,,1484918347,791470956,'',4124
1484918347894581463,,1460,,1484918347,891470956,'',4124
1484918347992876471,,1461,,1484918347,991470956,'',4124
1484918348095581553,,1462,,1484918348,91470956,'',4124
1484918348193649989,,1463,,1484918348,191470956,'',4124
1484918348296059727,,1464,,1484918348,291470956,'',4124
1484918348394367959,,1465,,1484918348,391470956,'',4124
1484918348496661884,,1466,,1484918348,491470956,'',4124
1484918348595075645,,1467,,1484918348,591470956,'',4124
1484918348693258177,,1468,,1484918348,691470956,'',4124
1484918348795644910,,1469,,1484918348,791470956,'',4124
1484918348894133731,,1470,,1484918348,891470956,'',4124
1484918348996564468,,1471,,1484918348,991470956,'',4124
1484918349094684480,,1472,,1484918349,92470956,'',4124
1484918349192975481,,1473,,1484918349,191470956,'',4124
1484918349295409170,,1474,,1484918349,291470956,'',4124
1484918349393684354,,1475,,1484918349,393007968,'',4124
1484918349496030924,,1476,,1484918349,493007968,'',4124
1484918349594424392,,1477,,1484918349,593007968,'',4124
1484918349696851278,,1478,,1484918349,693007968,'',4124
1484918349795110094,,1479,,1484918349,793007968,'',4124
1484918349897606436,,1480,,1484918349,893007968,'',4124
1484918349995731680,,1481,,1484918349,993007968,'',4124
1484918350094164832,,1482,,1484918350,93007968,'',4124
1484918350196561274,,1483,,1484918350,193007968,'',4124
1484918350294841906,,1484,,1484918350,293007968,'',4124
1484918350397178083,,1485,,1484918350,393007968,'',4124
1484918350495472684,,1486,,1484918350,493007968,'',4124
1484918350593788296,,1487,,1484918350,593007968,'',4124
1484918350696149709,,1488,,1484918350,693007968,'',4124
1484918350794510850,,1489,,1484918350,793007968,'',4124
1484918350896832747,,1490,,1484918350,893007968,'',4124
1484918350995150375,,1491,,1484918350,993007968,'',4124
1484918351097487165,,1492,,1484918351,93007968,'',4124
1484918351195809665,,1493,,1484918351,193007968,'',4124
1484918351294215625,,1494,,1484918351,293007968,'',4124
1484918351396494731,,1495,,1484918351,393007968,'',4124
1484918351494811663,,1496,,1484918351,493007968,'',4124
1484918351597227113,,1497,,1484918351,593007968,'',4124
1484918351695598681,,1498,,1484918351,693007968,'',4124
1484918351797862727,,1499,,1484918351,793007968,'',4124
1484918351896210259,,1500,,1484918351,894474885,'',4124
1484918351998613300,,1501,,1484918351,994474885,'',4124
1484918352096887645,,1502,,1484918352,94474885,'',4124
1484918352195356965,,1503,,1484918352,194474885,'',4124
1484918352297595894,,1504,,1484918352,295474885,'',4124
1484918352395913895,,1505,,1484918352,394474885,'',4124
